City_ID,City,Lat,Lng,Max Temp,Humidity,Cloudiness,Wind Speed,Country,Date
0,port elizabeth,-33.918,25.5701,17.4,89,75,3.6,ZA,1697490926
1,ergani,38.2653,39.7621,16.21,64,15,0.69,TR,1697491563
2,coquimbo,-29.9533,-71.3436,16.85,67,0,6.17,CL,1697491349
3,bethel,41.3712,-73.414,16.4,65,75,3.6,US,1697491202
4,portland,45.5234,-122.6762,19.79,89,75,3.6,US,1697490947
5,saynshand,44.8824,110.1163,8.67,40,99,6.13,MN,1697491564
6,grytviken,-54.2811,-36.5092,-0.78,83,12,4.77,GS,1697490929
7,chui,-33.6971,-53.4616,19.87,87,91,1.88,UY,1697491564
8,jati,24.3539,68.2671,26.02,75,0,4.19,PK,1697491564
9,choyr,46.3611,108.3611,3.75,53,100,6.65,MN,1697491564
10,new norfolk,-42.7826,147.0587,7.73,77,10,1.59,AU,1697491400
11,choibalsan,48.0667,114.5,6.17,58,63,6.24,MN,1697491564
12,noosa heads,-26.3833,153.15,21.73,69,85,8.72,AU,1697491564
13,perevolotskiy,51.8763,54.1938,8.58,58,1,4.83,RU,1697491565
14,port-aux-francais,-49.35,70.2167,3.16,87,84,12.65,TF,1697491046
15,praia da vitoria,38.7333,-27.0667,20.42,83,75,7.18,PT,1697491250
16,vorkuta,67.5,64.0,1.89,98,100,4.03,RU,1697491457
17,los angeles,34.0522,-118.2437,36.43,50,0,4.12,US,1697491007
18,sitka,57.0531,-135.33,13.94,62,100,7.2,US,1697491411
19,bardai,11.65,7.2333,25.61,36,99,2.09,NG,1697491565
20,qaqortoq,60.7167,-46.0333,1.71,97,100,1.57,GL,1697491408
21,bilibino,68.0546,166.4372,-10.58,100,99,1.16,RU,1697491186
22,margaret river,-33.95,115.0667,16.17,53,67,3.02,AU,1697491180
23,carnarvon,-24.8667,113.6333,23.2,54,0,5.4,AU,1697491394
24,puerto natales,-51.7236,-72.4875,11.25,50,40,14.92,CL,1697491183
25,cabedelo,-6.9811,-34.8339,25.37,76,27,6.56,BR,1697491566
26,minas de marcona,-15.2119,-75.1103,19.02,65,38,5.63,PE,1697491566
27,zhangatas,43.5667,69.75,7.54,53,0,4.96,KZ,1697491566
28,iqaluit,63.7506,-68.5145,-5.15,73,20,4.63,CA,1697491409
29,marsh harbour,26.5412,-77.0636,24.79,63,81,9.5,BS,1697490998
30,waitangi,-43.9535,-176.5597,14.9,81,49,6.71,NZ,1697491186
31,tralee,52.2704,-9.7026,8.8,87,100,4.79,IE,1697491447
32,fort st. john,56.2499,-120.8529,9.94,71,100,2.06,CA,1697491450
33,aswan,24.0934,32.907,24.94,30,0,6.45,EG,1697491567
34,isafjordur,66.0755,-23.124,0.21,83,100,2.32,IS,1697491441
35,stanley,54.868,-1.6985,2.66,100,0,0.0,GB,1697491427
36,adamstown,-25.066,-130.1015,21.67,83,60,4.11,PN,1697491182
37,dunedin,-45.8742,170.5036,9.89,79,100,1.79,NZ,1697491567
38,port mathurin,-19.6833,63.4167,23.89,86,1,4.0,MU,1697491406
39,edinburgh of the seven seas,-37.0676,-12.3116,12.31,68,7,1.94,SH,1697491188
40,san julian,21.0167,-102.1667,25.14,27,20,5.44,MX,1697491568
41,kelibia,36.8476,11.0939,25.14,83,0,1.03,TN,1697491568
42,utrik,11.2278,169.8474,28.28,76,32,7.6,MH,1697491277
43,geraldton,-28.7667,114.6,14.23,44,0,4.12,AU,1697491403
44,olonkinbyen,70.9221,-8.7187,0.77,73,100,5.65,SJ,1697491433
45,nantucket,41.2835,-70.0995,15.08,75,75,3.09,US,1697491374
46,crane,31.3974,-102.3501,22.85,26,0,2.17,US,1697491441
47,calipatria,33.1256,-115.5142,37.27,12,0,1.52,US,1697491568
48,constantia,44.1833,28.65,6.5,56,12,3.61,RO,1697491423
49,porto novo,6.4965,2.6036,26.0,83,99,3.29,BJ,1697491569
50,vorgashor,67.5833,63.95,1.71,98,100,3.95,RU,1697491448
51,hobbs,32.7026,-103.136,25.03,21,0,3.09,US,1697491569
52,pangai,-19.8,-174.35,26.06,69,20,6.17,TO,1697491569
53,taseyevo,57.2169,94.8978,3.52,85,100,3.13,RU,1697491569
54,orchard homes,46.8633,-114.0484,19.4,49,0,1.79,US,1697491569
55,colonia,50.9333,6.95,8.81,88,0,2.06,DE,1697491310
56,margate,51.3813,1.3862,12.72,71,100,1.34,GB,1697491449
57,longyearbyen,78.2186,15.6401,-3.09,59,20,7.2,SJ,1697491236
58,hamilton,39.1834,-84.5333,12.69,76,100,4.12,US,1697490988
59,avarua,-21.2078,-159.775,23.03,64,75,4.63,CK,1697491420
60,hermanus,-34.4187,19.2345,16.02,89,14,4.96,ZA,1697491195
61,thinadhoo,0.5333,72.9333,27.36,77,24,7.14,MV,1697491251
62,las lomitas,-24.7096,-60.593,44.18,15,34,4.94,AR,1697491570
63,nogliki,51.8333,143.1667,9.08,84,100,3.13,RU,1697491570
64,rabinal,15.1,-90.45,18.19,98,100,1.55,GT,1697491570
65,punta arenas,-53.15,-70.9167,10.06,57,75,10.8,CL,1697491068
66,bredasdorp,-34.5322,20.0403,15.64,87,24,4.58,ZA,1697491212
67,albany,42.6001,-73.9662,15.23,64,66,3.7,US,1697491142
68,island harbour,50.724,-1.2758,11.68,79,100,5.81,GB,1697491462
69,axim,4.8699,-2.2405,24.65,88,89,4.36,GH,1697491571
70,wickenburg,33.9686,-112.7296,36.77,11,0,3.27,US,1697491571
71,georgetown,5.4112,100.3354,26.96,87,20,1.54,MY,1697491057
72,papatowai,-46.5619,169.4708,9.03,56,67,4.46,NZ,1697491227
73,redkino,56.6475,36.2967,6.73,81,100,2.66,RU,1697491571
74,blackmans bay,-43.0167,147.3167,7.07,76,14,0.45,AU,1697491041
75,opuwo,-18.0607,13.84,22.24,20,17,3.21,NA,1697491571
76,susuman,62.7833,148.1667,-20.87,91,4,0.46,RU,1697491409
77,ancud,-41.8697,-73.8203,11.39,65,13,2.06,CL,1697491047
78,kone,-21.0595,164.8658,24.38,83,97,2.84,NC,1697491571
79,paulden,34.8856,-112.4682,32.06,15,0,2.68,US,1697491572
80,rabo de peixe,37.8,-25.5833,19.99,99,40,4.02,PT,1697491572
81,vilyuchinsk,52.9306,158.4028,8.15,93,100,9.84,RU,1697491433
82,whitehorse,60.7161,-135.0538,1.43,100,100,0.0,CA,1697491435
83,mejit,10.2753,170.8646,27.97,76,14,7.39,MH,1697491572
84,makokou,0.5738,12.8642,21.53,99,100,1.36,GA,1697491572
85,kailua-kona,19.6406,-155.9956,28.61,81,75,4.12,US,1697491016
86,anadyr,64.75,177.4833,-2.72,86,20,3.0,RU,1697491192
87,qianzhou,28.3167,109.7167,16.64,72,1,1.05,CN,1697491572
88,port alfred,-33.5906,26.891,16.77,90,87,1.79,ZA,1697491572
89,lazaro cardenas,17.9583,-102.2,29.56,72,62,2.63,MX,1697491406
90,santyoku,37.4406,129.1708,11.54,55,0,3.22,KR,1697491573
91,christchurch,-43.5333,172.6333,9.39,89,75,5.14,NZ,1697491051
92,el calafate,-50.3408,-72.2768,8.93,57,97,4.59,AR,1697491573
93,nassau,40.7507,-73.5829,17.93,61,40,3.6,US,1697491573
94,happy valley-goose bay,53.3168,-60.3315,4.17,60,20,7.2,CA,1697491398
95,vila franca do campo,37.7167,-25.4333,20.49,99,97,6.2,PT,1697491573
96,quellon,-43.1167,-73.6167,10.45,66,4,5.48,CL,1697491573
97,brookings,44.3114,-96.7984,16.0,47,0,2.57,US,1697491238
98,ishimbay,53.4545,56.0415,11.82,60,5,4.47,RU,1697491574
99,ribeira grande,38.5167,-28.7,19.87,82,20,3.13,PT,1697491179
100,remire-montjoly,4.9167,-52.2667,30.02,70,40,3.09,GF,1697491247
101,holualoa,19.6228,-155.9522,26.54,81,75,4.12,US,1697490952
102,san antonio de pale,-1.4014,5.6325,25.56,82,97,5.93,GQ,1697491283
103,aasiaat,68.7098,-52.8699,-9.65,98,100,2.99,GL,1697491574
104,broken hill,-31.95,141.4333,10.02,50,0,6.5,AU,1697491311
105,shangrao,28.4532,117.9686,15.12,84,0,1.82,CN,1697491574
106,berezovyy,51.6667,135.7,1.53,97,98,1.7,RU,1697491306
107,maintirano,-18.0667,44.0167,26.01,86,18,2.06,MG,1697491574
108,hithadhoo,-0.6,73.0833,27.16,75,11,7.46,MV,1697491255
109,cambridge,43.3601,-80.3127,10.66,76,100,4.63,CA,1697491422
110,lebu,-37.6167,-73.65,11.77,73,0,9.88,CL,1697491040
111,colac,-38.3333,143.5833,9.91,75,3,1.37,AU,1697491575
112,port lincoln,-34.7333,135.8667,11.9,75,4,4.96,AU,1697490924
113,kragero,58.8693,9.4149,6.92,70,64,5.66,NO,1697491575
114,gadzhiyevo,69.2551,33.3362,3.23,82,100,13.48,RU,1697491051
115,wailua homesteads,22.0669,-159.378,28.44,73,20,5.14,US,1697491184
116,guerrero negro,27.9769,-114.0611,27.17,48,20,5.84,MX,1697491279
117,semnan,35.5729,53.3971,18.48,47,99,2.67,IR,1697491419
118,nam som,17.7704,102.1895,21.95,95,76,0.97,TH,1697491575
119,biltine,14.5333,20.9167,31.15,17,37,4.87,TD,1697491575
120,coronel marcelino mariduena,-2.2,-79.4167,32.19,52,87,1.13,EC,1697491576
121,midvagur,62.0511,-7.1939,8.46,93,75,10.8,FO,1697491576
122,mugia,43.1041,-9.2179,21.06,73,96,12.66,ES,1697491576
123,mount isa,-20.7333,139.5,21.87,26,5,7.72,AU,1697491464
124,as suwayq,23.8494,57.4386,29.19,67,73,2.59,OM,1697491576
125,fort scott,37.8398,-94.7083,19.1,32,1,5.13,US,1697491576
126,kayangel,8.0823,134.7173,27.98,77,33,2.55,PW,1697491283
127,ushuaia,-54.8,-68.3,8.81,51,75,6.17,AR,1697491223
128,awjilah,29.1081,21.2869,22.24,48,0,2.36,LY,1697491576
129,st. john's,47.5649,-52.7093,9.43,97,100,11.18,CA,1697491142
130,ibiruba,-28.6275,-53.0897,19.18,94,100,5.91,BR,1697491577
131,puerto colombia,10.9878,-74.9547,30.05,72,31,2.64,CO,1697491577
132,tolanaro,-25.0319,46.9987,21.51,81,100,2.08,MG,1697490971
133,tataouine,32.9297,10.4518,22.63,24,0,2.79,TN,1697491577
134,riohacha,11.5444,-72.9072,30.42,68,33,4.12,CO,1697491288
135,puerto ayora,-0.7393,-90.3518,28.98,90,92,2.68,EC,1697491223
136,west island,-12.1568,96.8225,25.99,83,75,5.66,CC,1697491196
137,kirensk,57.7853,108.1119,3.9,95,100,3.58,RU,1697491577
138,kalmunai,7.4167,81.8167,25.55,85,78,2.28,LK,1697491578
139,mount pearl,47.5166,-52.7813,8.97,97,100,10.8,CA,1697491459
140,cabo san lucas,22.8909,-109.9124,34.23,58,0,3.6,MX,1697491408
141,tazovsky,67.4667,78.7,-1.14,96,99,0.25,RU,1697491046
142,antofagasta,-23.65,-70.4,17.6,74,15,3.34,CL,1697491349
143,tiksi,71.6872,128.8694,-12.55,92,94,3.51,RU,1697491044
144,narvik,68.4384,17.4272,3.54,98,94,1.07,NO,1697491578
145,petropavlovsk-kamchatsky,53.0452,158.6483,7.33,88,75,7.0,RU,1697491275
146,sabha,27.0377,14.4283,23.64,20,0,2.56,LY,1697491578
147,rio blanco,18.8333,-97.15,18.54,92,100,2.91,MX,1697491578
148,malango,-2.9627,119.9001,18.72,94,11,0.84,ID,1697491296
149,masjed soleyman,31.9364,49.3039,27.31,31,99,2.13,IR,1697491579
150,lodeynoye pole,60.726,33.5531,4.1,85,95,2.74,RU,1697491579
151,bengkulu,-3.8004,102.2655,22.96,95,27,1.17,ID,1697491422
152,weno,7.4515,151.8468,26.97,94,75,0.0,FM,1697491180
153,tura,25.5198,90.2201,19.85,90,0,1.71,IN,1697491193
154,ilulissat,69.2167,-51.1,-6.99,79,100,9.26,GL,1697491055
155,hammerfest,70.6634,23.6821,1.25,86,75,9.26,NO,1697491579
156,katsuura,35.1333,140.3,18.18,78,0,3.39,JP,1697491191
157,cascais,38.6979,-9.4215,23.06,96,95,10.28,PT,1697491579
158,golyshmanovo,56.3979,68.3728,8.7,93,55,3.55,RU,1697491580
159,halifax,44.6453,-63.5724,12.49,87,84,5.81,CA,1697490761
160,farasan,16.7022,42.1183,31.38,62,1,1.02,SA,1697491580
161,callao,-12.0667,-77.15,25.95,77,75,4.12,PE,1697491276
162,fort bragg,35.139,-79.006,16.75,52,100,2.57,US,1697491195
163,enewetak,11.3474,162.3373,28.72,77,12,6.95,MH,1697490973
164,kingston,17.997,-76.7936,31.53,76,20,4.12,JM,1697491080
165,cusseta,32.3054,-84.7727,17.56,54,50,5.23,US,1697491580
166,kadugli,11.0167,29.7167,23.98,82,100,2.55,SD,1697491580
167,riberalta,-10.9833,-66.1,33.11,58,75,3.09,BO,1697491580
168,yellowknife,62.456,-114.3525,6.9,99,100,5.14,CA,1697491191
169,sinabang,2.4803,96.3801,26.08,82,100,5.16,ID,1697491466
170,badger,64.8,-147.5333,5.0,76,75,3.09,US,1697490955
171,kapuskasing,49.4169,-82.4331,8.05,71,20,4.12,CA,1697491581
172,prado,-17.3411,-39.2208,23.98,78,0,3.01,BR,1697491356
173,san patricio,28.017,-97.5169,24.92,32,0,5.67,US,1697491581
174,sakakah,29.9697,40.2064,21.76,36,0,3.77,SA,1697491581
175,lisbon,38.7167,-9.1333,22.82,76,75,21.01,PT,1697491442
176,ouddorp,51.8117,3.9347,10.99,82,100,5.61,NL,1697491581
177,toliara,-23.35,43.6667,23.65,70,100,6.21,MG,1697491289
178,roma,43.2128,-75.4557,14.39,69,75,5.66,US,1697491582
179,pyapon,16.2833,95.6833,24.44,91,87,0.91,MM,1697491582
180,cambria,35.5641,-121.0808,32.32,53,57,5.37,US,1697491299
181,salinas,36.6777,-121.6555,29.44,60,0,6.69,US,1697491404
182,oranjemund,-28.55,16.4333,17.1,75,2,3.03,NA,1697491185
183,saipan,15.1355,145.701,27.39,94,20,2.57,MP,1697491195
184,atafu village,-8.5421,-172.5159,28.25,78,62,8.2,TK,1697491250
185,hadibu,12.65,54.0333,27.3,77,26,2.85,YE,1697491240
186,conde,-7.2597,-34.9075,24.7,78,0,4.12,BR,1697491582
187,souillac,-20.5167,57.5167,22.21,88,20,1.54,MU,1697491582
188,sotkamo,64.1333,28.4167,3.01,97,100,3.98,FI,1697491582
189,mount pleasant,32.7941,-79.8626,19.44,51,40,5.66,US,1697491437
190,sandnessjoen,66.0217,12.6316,5.23,81,75,4.12,NO,1697491583
191,laguna,38.421,-121.4238,29.08,39,0,2.06,US,1697491458
192,gagliano del capo,39.8442,18.3695,17.68,63,100,5.14,IT,1697491583
193,homer,59.6425,-151.5483,9.94,81,100,0.0,US,1697491067
194,chonchi,-42.6128,-73.8092,12.56,56,6,2.27,CL,1697491463
195,iskateley,67.6803,53.1512,3.9,93,100,5.81,RU,1697491431
196,invercargill,-46.4,168.35,9.45,83,50,2.24,NZ,1697491062
197,kurchatov,51.6601,35.6521,6.68,87,100,7.3,RU,1697491583
198,mossel bay,-34.1831,22.146,14.96,88,4,7.39,ZA,1697491194
199,gereida,11.2811,25.1414,28.85,38,100,3.13,SD,1697491583
200,eirunepe,-6.6603,-69.8736,29.88,62,83,0.57,BR,1697491584
201,chom thong,18.4174,98.6743,24.14,97,58,0.28,TH,1697491584
202,kralendijk,12.15,-68.2667,31.99,70,40,6.17,BQ,1697491584
203,harstad,68.799,16.5293,3.23,98,98,3.13,NO,1697491584
204,jamestown,42.097,-79.2353,10.77,95,100,2.57,US,1697491224
205,sao felix do xingu,-6.6447,-51.995,31.51,44,84,1.54,BR,1697491462
206,touros,-5.1989,-35.4608,25.31,76,45,8.23,BR,1697491546
207,selfoss,63.9331,-20.9971,2.8,77,100,0.76,IS,1697491092
208,klyuchi,52.2667,79.1667,10.02,61,100,4.33,RU,1697491225
209,port hedland,-20.3167,118.5667,24.03,11,0,4.12,AU,1697491584
210,nadi,-17.8,177.4167,27.0,57,20,5.14,FJ,1697491417
211,chibougamau,49.9168,-74.3659,8.79,66,0,3.6,CA,1697491585
212,angaur state,6.906,134.13,27.91,71,46,1.34,PW,1697491459
213,qarqaraly,49.4058,75.4742,7.4,52,89,1.49,KZ,1697491585
214,xichang,27.8964,102.2634,13.73,88,45,0.63,CN,1697491585
215,la'ie,21.6477,-157.9253,30.03,75,81,2.68,US,1697490965
216,howrah,22.5892,88.3103,26.0,89,20,0.0,IN,1697490966
217,udachny,66.4167,112.4,-3.08,92,100,1.39,RU,1697491397
218,ust-nera,64.5667,143.2,-22.35,98,61,1.41,RU,1697491416
219,baise city,23.8997,106.6133,19.28,82,16,0.47,CN,1697491585
220,ghat,24.9647,10.1728,27.05,18,17,2.78,LY,1697491585
221,talnakh,69.4865,88.3972,-1.3,97,100,2.46,RU,1697491403
222,tromso,69.6496,18.957,3.01,75,0,4.63,NO,1697491586
223,maragogi,-9.0122,-35.2225,24.56,74,29,4.24,BR,1697491274
224,blora,-6.9698,111.4186,24.56,79,48,2.16,ID,1697491586
225,ouarzazat,30.9189,-6.8934,23.16,31,40,3.09,MA,1697491586
226,kununurra,-15.7667,128.7333,16.99,59,0,3.09,AU,1697491586
227,alofi,-19.0595,-169.9187,24.94,65,75,9.77,NU,1697491436
228,putina,-15.4667,-69.4333,13.18,50,51,9.26,PE,1697491586
229,formosa,-26.1775,-58.1781,39.99,33,0,1.54,AR,1697491587
230,akureyri,65.6835,-18.0878,1.96,93,75,2.06,IS,1697490946
231,luderitz,-26.6481,15.1594,20.09,52,0,5.71,NA,1697491279
232,rahachow,53.0934,30.0495,3.88,73,6,5.5,BY,1697491587
233,tofol,5.3248,163.0078,28.2,78,100,4.44,FM,1697491283
234,sinjai,-5.1241,120.253,25.51,78,93,1.9,ID,1697491587
235,kodinar,20.7903,70.7031,25.46,75,10,5.02,IN,1697491587
236,mahebourg,-20.4081,57.7,22.36,88,20,1.54,MU,1697491587
237,belaya kholunitsa,58.84,50.8528,9.23,73,100,5.63,RU,1697491588
238,nadvirna,48.6348,24.5694,3.01,84,68,2.37,UA,1697491588
239,kolonia,50.9333,6.95,8.81,88,0,2.06,DE,1697491310
240,rio preto da eva,-2.6994,-59.6997,30.71,54,73,1.2,BR,1697491588
241,kimbe,-5.5502,150.1429,25.45,82,100,1.13,PG,1697491306
242,battambang,13.1027,103.1982,24.3,93,94,0.7,KH,1697491588
243,nuku'alofa,-21.1333,-175.2,25.19,78,20,7.2,TO,1697491561
244,haiku-pauwela,20.9219,-156.3051,28.01,66,40,10.29,US,1697491271
245,egilsstadir,65.2653,-14.3948,0.95,100,75,1.03,IS,1697491459
246,porto velho,-8.7619,-63.9039,32.03,58,40,1.54,BR,1697491414
247,bairnsdale,-37.8333,147.6167,10.59,87,100,0.54,AU,1697491589
248,rawai,7.7797,98.3253,29.43,75,100,3.37,TH,1697491589
249,maxixe,-23.8597,35.3472,20.67,87,100,2.53,MZ,1697491589
250,deniliquin,-35.5333,144.9667,8.34,67,0,4.31,AU,1697491589
251,ulladulla,-35.35,150.4667,10.98,68,88,8.21,AU,1697491224
252,edson,53.5835,-116.4356,7.08,65,75,0.51,CA,1697491479
253,lubango,-14.9172,13.4925,19.5,44,91,1.93,AO,1697491287
254,al bayda',32.7627,21.7551,17.11,92,4,3.4,LY,1697491584
255,pio duran,13.0293,123.445,24.67,84,77,1.64,PH,1697491589
256,thompson,55.7435,-97.8558,12.09,62,75,4.12,CA,1697491243
257,burang,30.25,81.1667,-0.17,69,100,2.34,CN,1697491419
258,borzya,50.3833,116.5167,3.63,74,62,7.83,RU,1697491590
259,kualakapuas,-3.0091,114.3876,24.08,90,56,1.3,ID,1697491590
260,el bauga,18.262,33.9081,30.01,16,0,6.85,SD,1697491590
261,magadan,59.5667,150.8,2.52,66,100,1.34,RU,1697491590
262,melekeok village,7.4957,134.6367,24.31,94,75,0.0,PW,1697491294
263,belen,36.4891,36.2233,15.22,69,20,2.06,TR,1697491590
264,horta,38.5333,-28.6333,19.45,83,20,2.24,PT,1697491591
265,sao lourenco do oeste,-26.3592,-52.8511,22.87,84,89,1.74,BR,1697491591
266,keflavik,64.0049,-22.5624,4.24,87,75,1.54,IS,1697491428
267,zdvinsk,54.7021,78.661,8.96,86,100,4.67,RU,1697491591
268,mto wa mbu,-3.35,35.85,24.46,61,100,2.79,TZ,1697491591
269,vilyuysk,63.7553,121.6247,-2.12,52,100,5.36,RU,1697491448
270,college,64.8569,-147.8028,7.72,74,75,3.09,US,1697490923
271,ivankiv,50.9386,29.8943,5.53,80,35,6.66,UA,1697491591
272,abepura,-2.6333,140.5833,24.45,83,20,0.0,ID,1697491293
273,karratha,-20.7377,116.8463,27.04,22,0,4.93,AU,1697491277
274,shimoda,34.6667,138.95,16.17,76,0,3.23,JP,1697491233
275,araxa,-19.5933,-46.9406,25.85,53,57,1.28,BR,1697491592
276,beau vallon,-20.4189,57.6953,22.34,88,20,1.54,MU,1697491592
277,ambovombe,-25.1667,46.0833,21.37,76,99,3.24,MG,1697491592
278,bagalkot,16.1833,75.7,26.18,59,93,2.52,IN,1697491592
279,lusaka,-15.4067,28.2871,19.83,81,100,1.8,ZM,1697491592
280,bubaque,11.2833,-15.8333,27.75,83,0,5.58,GW,1697491440
281,dondo,-19.6094,34.7431,23.73,92,100,2.74,MZ,1697491593
282,badagry,6.4167,2.8833,26.21,83,95,4.22,NG,1697491593
283,iquique,-20.2208,-70.1431,20.02,72,26,2.61,CL,1697491058
284,tyukhtet,56.5389,89.3011,4.24,94,100,7.53,RU,1697491593
285,alamosa,37.4695,-105.87,19.99,18,0,0.0,US,1697491219
286,irece,-11.3042,-41.8558,28.87,27,0,6.41,BR,1697491593
287,la passe,45.5549,-0.8967,14.13,55,100,5.39,FR,1697491423
288,ghanzi,-21.5667,21.7833,20.46,17,0,5.53,BW,1697491439
289,princeville,45.7668,-61.2985,10.29,96,100,4.63,CA,1697491593
290,rampur,28.8167,79.0333,19.41,85,100,4.22,IN,1697491593
291,polyarnyy,69.1989,33.4478,3.21,85,100,13.01,RU,1697491420
292,mogadishu,2.0371,45.3438,26.41,87,100,4.73,SO,1697491594
293,lorengau,-2.0226,147.2712,27.75,76,100,1.62,PG,1697491310
294,red bluff,40.1785,-122.2358,26.03,38,0,1.54,US,1697491594
295,sake,-1.5736,29.045,16.67,95,86,0.75,CD,1697491594
296,mahina,-17.5065,-149.489,29.87,62,0,2.57,PF,1697491437
297,eforie sud,44.0229,28.6494,6.56,55,10,4.1,RO,1697491594
298,wewak,-3.5534,143.6268,26.47,83,75,1.34,PG,1697491260
299,andergrove,-21.0833,149.1833,23.14,78,1,2.54,AU,1697491594
300,juye,35.3947,116.0883,14.44,69,0,3.0,CN,1697491594
301,kalabo,-14.97,22.6814,27.68,41,99,3.14,ZM,1697491595
302,zagora,30.3484,-5.8365,26.33,21,61,1.79,MA,1697491595
303,nar'yan-mar,67.6713,53.087,3.95,93,100,5.81,RU,1697491595
304,port saint john's,-31.6229,29.5448,17.9,83,100,5.67,ZA,1697491262
305,uturoa,-16.7333,-151.4333,25.49,80,62,6.15,PF,1697490934
306,mananara,-16.1667,49.7667,22.28,95,95,1.51,MG,1697491595
307,hawaiian paradise park,19.5933,-154.9731,28.73,76,20,3.6,US,1697491045
308,fale old settlement,-9.3852,-171.2468,28.56,77,87,9.92,TK,1697491595
309,taoudenni,22.6783,-3.9836,31.89,14,100,3.08,ML,1697491272
310,uliastay,47.7417,96.8444,-3.05,76,2,1.87,MN,1697491595
311,afaahiti,-17.75,-149.2833,28.93,82,78,4.87,PF,1697491582
312,mokhsogollokh,61.4681,128.9203,-4.87,57,96,3.15,RU,1697491596
313,kavaratti,10.5669,72.642,27.68,78,87,5.57,IN,1697491232
314,sandpoint,48.2766,-116.5533,19.36,58,0,2.06,US,1697491489
315,hasaki,35.7333,140.8333,12.22,71,0,3.77,JP,1697491111
316,kerikeri,-35.2268,173.9474,18.28,88,22,0.45,NZ,1697491222
317,ta`u,-14.2336,-169.5144,26.74,79,42,8.66,AS,1697491436
318,puerto baquerizo moreno,-0.9,-89.6,27.55,65,75,5.14,EC,1697491190
319,tozkhurmato,34.8905,44.6299,22.48,42,1,2.16,IQ,1697491596
320,reyes,-14.3167,-67.3833,35.98,46,64,2.06,BO,1697491596
321,neya,58.2972,43.8681,5.23,93,100,2.01,RU,1697491596
322,badr hunayn,23.7829,38.7905,28.0,46,0,1.71,SA,1697491597
323,kirovsk,48.6375,38.6428,6.62,79,100,9.47,UA,1697491597
324,stephenville,32.2207,-98.2023,20.48,33,0,7.2,US,1697491597
325,nagqu,31.5,92.0,-0.72,45,100,0.99,CN,1697491457
326,arraial do cabo,-22.9661,-42.0278,23.92,88,40,7.72,BR,1697491213
327,kristiansund,63.1115,7.732,8.36,87,100,4.12,NO,1697491597
328,borogontsy,62.6683,131.1683,-5.4,62,97,0.45,RU,1697491041
329,pisco,-13.7,-76.2167,20.03,77,20,3.6,PE,1697491260
330,waupaca,44.358,-89.086,15.52,58,0,3.09,US,1697491597
331,nemuro,43.3236,145.575,8.95,68,70,12.37,JP,1697491182
332,new glasgow,45.5834,-62.6486,9.88,95,100,6.18,CA,1697491378
333,arinos,-15.9169,-46.1056,32.14,26,4,2.32,BR,1697491598
334,mitchell,43.7094,-98.0298,17.08,39,0,1.54,US,1697491460
335,whangarei,-35.7317,174.3239,19.25,64,23,3.88,NZ,1697491453
336,isangel,-19.55,169.2667,27.06,69,40,10.29,VU,1697491368
337,port douglas,-16.4833,145.4667,22.2,71,75,1.84,AU,1697491224
338,labasa,-16.4167,179.3833,27.02,70,97,4.75,FJ,1697491598
339,puerto yuca,2.9383,-73.2083,28.51,75,82,1.37,CO,1697491598
340,borcea,44.3333,27.75,11.05,57,38,1.4,RO,1697491598
341,tanumah,27.1,44.1333,22.46,37,1,4.97,SA,1697491598
342,rocha,-34.4833,-54.3333,21.12,81,75,1.22,UY,1697491346
343,newman,37.3138,-121.0208,29.02,43,98,2.24,US,1697491599
344,waddan,29.1614,16.139,23.1,29,0,4.3,LY,1697491599
345,bonthe,7.5264,-12.505,25.76,88,83,2.8,SL,1697491433
346,saint-philippe,-21.3585,55.7679,23.77,87,94,1.86,RE,1697491599
347,kuytun,54.3419,101.5036,2.3,82,82,4.44,RU,1697491599
348,novaya usman',51.6418,39.4086,4.34,89,100,7.15,RU,1697491599
349,umba,66.6871,34.3429,3.55,65,100,5.36,RU,1697491599
350,moyynkum,44.2914,72.9469,12.03,53,0,8.36,KZ,1697491599
351,the bottom,17.6259,-63.2492,29.07,72,14,3.13,BQ,1697491436
352,east end,34.5507,-92.341,20.84,43,0,0.89,US,1697491600
353,suntar,62.1444,117.6319,2.3,99,100,2.24,RU,1697491600
354,acapulco de juarez,16.8634,-99.8901,30.9,70,100,3.6,MX,1697491192
355,trincomalee,8.5711,81.2335,25.67,83,83,4.15,LK,1697491600
356,tazacorte,28.629,-17.9293,25.64,45,0,2.57,ES,1697491427
357,megion,61.0296,76.1136,7.01,93,71,3.15,RU,1697491600
358,yuzhno-kurilsk,44.0306,145.8556,10.76,75,38,5.5,RU,1697491064
359,dalandzadgad,43.5708,104.425,6.56,30,100,4.57,MN,1697491600
360,merizo village,13.2658,144.6691,27.31,91,100,3.17,GU,1697491600
361,valparaiso,-33.0393,-71.6273,22.8,52,0,6.17,CL,1697491404
362,dire dawa,9.5931,41.8661,24.38,53,95,2.17,ET,1697491601
363,mohr,54.3528,9.7167,7.14,90,100,1.35,DE,1697491601
364,puerto san jose,13.9256,-90.8244,27.22,83,90,1.55,GT,1697491399
365,vadso,70.0744,29.7487,2.49,86,40,5.66,NO,1697491098
366,tadmur,34.5608,38.2805,18.95,71,0,6.06,SY,1697491601
367,manaure,11.7751,-72.4445,30.56,68,44,4.81,CO,1697491601
368,al ghayzah,16.2079,52.176,25.58,74,5,2.65,YE,1697491432
369,tamiahua,21.2667,-97.45,25.0,59,76,6.39,MX,1697491601
370,nanning,22.8167,108.3167,19.25,66,15,1.08,CN,1697491602
371,pemangkat,1.1667,108.9667,25.71,92,100,2.44,ID,1697490967
372,walvis bay,-22.9575,14.5053,14.53,88,11,3.09,NA,1697491594
373,kodiak,57.79,-152.4072,8.73,93,100,2.57,US,1697491007
374,hillvue,-31.1244,150.915,12.95,41,0,6.69,AU,1697491602
375,itoman,26.1247,127.6694,24.01,60,40,3.09,JP,1697491280
376,saudarkrokur,65.7461,-19.6394,2.2,91,100,0.71,IS,1697491263
377,cova figueira,14.8905,-24.2934,26.31,63,63,4.31,CV,1697491602
378,kapa'a,22.0752,-159.319,29.18,73,20,5.14,US,1697491602
379,rio grande,-32.035,-52.0986,22.06,95,100,3.02,BR,1697490999
380,douz,33.4663,9.0203,24.35,23,0,2.58,TN,1697491602
381,al jawf,29.5,38.75,20.33,38,0,3.25,SA,1697491020
382,sanya,18.2431,109.505,26.09,83,75,4.0,CN,1697491603
383,solnechnyy,50.7214,136.6319,1.13,96,100,4.53,RU,1697491603
384,mil'kovo,55.6078,37.7956,5.86,94,100,5.0,RU,1697491427
385,klaksvik,62.2266,-6.589,9.51,86,99,9.66,FO,1697491199
386,alice springs,-23.7,133.8833,12.75,47,0,2.06,AU,1697491201
387,guiuan,11.0333,125.7247,27.72,79,100,3.9,PH,1697491309
388,yulinshi,38.2906,109.7494,14.06,54,100,3.8,CN,1697491603
389,cill airne,52.05,-9.5167,9.5,88,100,3.58,IE,1697491601
390,dudinka,69.4058,86.1778,-0.18,98,100,2.68,RU,1697491231
391,el sauzal de rodriguez,31.9,-116.6833,21.34,76,27,3.66,MX,1697491603
392,vernon,50.2581,-119.2691,16.24,72,100,1.03,CA,1697491426
393,tsiombe,-25.3,45.4833,21.66,75,100,1.29,MG,1697491302
394,catarman,12.4989,124.6377,24.16,91,99,1.14,PH,1697491604
395,tumayr,25.7039,45.868,24.19,28,0,3.74,SA,1697491520
396,sovetsk,55.0839,21.8785,4.6,70,15,2.56,RU,1697491604
397,khandyga,62.6667,135.6,-15.8,72,48,2.09,RU,1697491604
398,broome,42.2506,-75.833,13.68,83,100,4.12,US,1697491292
399,kerema,-7.9631,145.7785,24.88,88,93,0.66,PG,1697491288
400,sarkand,45.41,79.9186,6.52,47,6,1.22,KZ,1697491604
401,campbell river,50.0163,-125.2446,15.89,100,75,8.23,CA,1697491604
402,los andes,-32.8337,-70.5983,21.67,31,70,3.07,CL,1697491598
403,baoqing,46.3317,132.2111,2.38,44,0,6.57,CN,1697491604
404,sumenep,-7.0167,113.8667,26.79,80,55,5.28,ID,1697491605
405,lompoc,34.6391,-120.4579,31.12,69,40,5.66,US,1697491450
406,azul,-36.777,-59.8585,19.42,61,30,2.7,AR,1697491605
407,sousa,-6.7592,-38.2281,32.74,19,56,1.81,BR,1697491605
408,cockburn town,21.4612,-71.1419,29.98,70,40,4.12,TC,1697491605
409,san fernando,15.0286,120.6898,24.85,88,44,1.42,PH,1697491605
410,freetown,8.484,-13.2299,25.47,84,17,1.78,SL,1697491113
411,salalah,17.0151,54.0924,26.05,83,40,1.54,OM,1697491605
412,faya-largeau,17.9257,19.1043,30.2,19,77,4.86,TD,1697491605
413,tosontsengel,48.7567,98.2839,-3.7,79,2,1.75,MN,1697491606
414,tallkalakh,34.6684,36.2599,18.95,80,2,2.74,SY,1697491606
415,tomohon,1.3346,124.8392,17.52,88,91,1.22,ID,1697491606
416,gizo,-8.103,156.8419,27.68,79,99,1.86,SB,1697491606
417,agios nikolaos,35.1914,25.7133,22.65,70,3,2.62,GR,1697491606
418,le mars,42.7942,-96.1656,16.91,36,0,3.6,US,1697491606
419,robertsport,6.7533,-11.3686,26.18,82,100,4.58,LR,1697491606
420,sorso,40.8,8.5772,18.27,79,100,2.45,IT,1697491606
421,la ronge,55.1001,-105.2842,16.14,44,0,3.6,CA,1697490994
422,kaohsiung,22.6163,120.3133,25.58,87,75,0.51,TW,1697491606
423,coahuayana de hidalgo,18.7,-103.6583,30.67,75,55,2.72,MX,1697491278
424,strelka,58.0728,93.0344,3.37,96,100,4.16,RU,1697491607
425,rongelap,11.1635,166.8941,28.71,75,100,8.49,MH,1697491277
426,corn island,12.1694,-83.0418,29.47,72,99,3.56,NI,1697491336
427,igarka,67.4667,86.5833,-0.3,97,100,4.45,RU,1697491245
428,raja,8.4596,25.678,22.06,92,100,2.57,SS,1697491524
429,lensk,60.7253,114.9278,5.4,78,100,3.58,RU,1697491437
430,dryden,49.7833,-92.7503,12.16,50,0,2.57,CA,1697491015
431,shache,38.4167,77.2406,15.54,29,100,1.5,CN,1697491607
432,east london,-33.0153,27.9116,17.09,83,70,5.62,ZA,1697490914
433,livorno,43.2333,10.5833,20.45,79,100,3.23,IT,1697491608
434,parkes,-33.1333,148.1833,7.67,54,0,3.75,AU,1697491608
435,wangjing,24.6,94.0333,16.44,96,2,0.27,IN,1697491608
436,baotou,40.6522,109.8222,13.33,37,100,2.34,CN,1697491608
437,lerwick,60.1545,-1.1494,11.0,86,100,10.32,GB,1697491444
438,sur,22.5667,59.5289,27.41,72,0,5.95,OM,1697491243
439,noumea,-22.2763,166.4572,26.99,79,97,1.81,NC,1697491323
440,nizhniy odes,63.6445,54.856,5.56,92,100,2.77,RU,1697491439
441,nahiyat ash shinafiyah,31.5874,44.6602,25.13,31,0,3.08,IQ,1697491467
442,khovd,48.0056,91.6419,1.32,50,2,1.15,MN,1697491405
443,sokoni,-6.4333,39.55,26.17,83,36,4.74,TZ,1697491194
444,edgerton,42.8353,-89.0676,14.14,66,1,3.34,US,1697491609
445,unai,-16.3575,-46.9061,32.16,27,6,2.66,BR,1697491609
446,ozery,54.86,38.5506,7.81,90,100,4.47,RU,1697491609
447,daru,-9.0763,143.2092,25.17,87,74,4.62,PG,1697491173
448,atlantic,39.4668,-74.6663,16.26,66,0,5.14,US,1697491609
449,salinopolis,-0.6136,-47.3561,27.5,79,19,5.78,BR,1697491451
450,shimanovsk,52.0,127.7,-1.83,46,9,1.48,RU,1697491609
451,fuglafjordur,62.244,-6.814,8.26,88,98,8.68,FO,1697491609
452,nevel'sk,46.6733,141.8633,5.71,57,97,6.08,RU,1697491609
453,chifeng,42.2683,118.9636,8.41,37,55,2.63,CN,1697491610
454,linqu,36.5156,118.5397,13.83,65,0,2.51,CN,1697491610
455,mermoz boabab,14.7065,-17.4758,28.88,84,20,1.03,SN,1697491610
456,northam,51.0333,-4.2167,10.14,82,100,8.45,GB,1697491610
457,pointe michel,15.25,-61.3833,30.52,62,40,0.51,DM,1697491610
458,candido mendes,-1.4467,-45.7167,27.07,72,66,3.34,BR,1697491610
459,tamanrasset,22.785,5.5228,21.95,20,20,1.54,DZ,1697491610
460,manicore,-5.8092,-61.3003,31.74,51,59,1.27,BR,1697491610
461,rondonopolis,-16.4708,-54.6356,37.45,21,100,2.0,BR,1697491429
462,east ballina,-28.8667,153.5833,17.11,54,49,8.41,AU,1697491610
463,qujing,25.4833,103.7833,13.21,93,95,1.67,CN,1697491611
464,ihosy,-22.4,46.1167,19.92,88,74,2.85,MG,1697491611
465,zhongshu,24.5167,103.7667,13.16,96,62,0.95,CN,1697491611
466,namibe,-15.1961,12.1522,17.75,84,38,1.8,AO,1697491068
467,parnu,58.3859,24.4971,5.05,70,18,3.6,EE,1697491611
468,kashgar,39.4547,75.9797,16.56,27,40,2.0,CN,1697491611
469,saint-pierre,-21.3393,55.4781,23.82,78,100,0.0,RE,1697491445
470,san pedro,14.35,121.0167,26.57,91,20,1.34,PH,1697491468
471,calingasta,-31.3308,-69.4078,27.21,5,0,11.07,AR,1697491611
472,carahue,-38.7,-73.1667,12.96,59,1,4.05,CL,1697491611
473,hirara,24.8,125.2833,23.92,68,75,4.63,JP,1697491243
474,kavieng,-2.5744,150.7967,27.28,74,74,2.19,PG,1697491397
475,nova sintra,14.8667,-24.7167,25.71,73,37,3.17,CV,1697490975
476,tocopilla,-22.092,-70.1979,19.56,67,26,2.83,CL,1697491314
477,cidreira,-30.1811,-50.2056,19.35,98,100,6.88,BR,1697491421
478,sitia,35.2,26.0986,22.77,80,0,3.59,GR,1697491612
479,bridgewater,44.3835,-64.5155,12.84,79,85,4.63,CA,1697491259
480,fuerte olimpo,-21.0415,-57.8738,42.16,18,32,5.74,PY,1697491459
481,puerto armuelles,8.2833,-82.8667,27.87,78,97,3.13,PA,1697491413
482,kiunga,-6.1219,141.2906,23.14,99,100,0.43,PG,1697491613
483,tharad,24.3961,71.6267,25.78,68,1,2.98,IN,1697491613
484,kirakira,-10.4544,161.9205,27.33,82,82,2.65,SB,1697490925
485,evinayong,1.4368,10.5512,20.44,100,100,1.33,GQ,1697491613
486,argo,37.6333,22.7333,20.99,71,81,2.16,GR,1697491432
487,pingnan,23.5543,110.3976,18.94,73,62,1.5,CN,1697491613
488,vila velha,-20.3297,-40.2925,25.97,89,75,4.12,BR,1697491613
489,soe,-9.8607,124.284,17.25,68,73,2.05,ID,1697491283
490,baiyin,36.5583,104.2081,8.31,60,100,12.26,CN,1697491614
491,lihue,21.9789,-159.3672,28.77,72,20,5.14,US,1697490905
492,keelung,25.1283,121.7419,23.92,68,100,4.86,TW,1697491614
493,mont-dore,-22.2833,166.5833,26.99,80,93,3.27,NC,1697491614
494,lata,40.1629,-8.3327,22.67,79,96,4.98,PT,1697491614
495,casas grandes,30.3667,-107.95,27.04,30,0,5.99,MX,1697491614
496,kolpny,52.2282,37.0368,5.59,81,100,7.72,RU,1697491614
497,bodo,67.28,14.405,5.02,93,75,2.57,NO,1697491614
498,chilca,-12.5211,-76.7372,19.44,84,53,2.76,PE,1697491615
499,kourou,5.1552,-52.6478,30.03,76,17,4.29,GF,1697491615
500,zeya,53.75,127.2667,-1.95,52,8,1.04,RU,1697491225
501,sidi ifni,29.3797,-10.173,25.47,54,100,3.06,MA,1697491615
502,barkhan,29.8977,69.5256,16.11,64,6,3.26,PK,1697491615
503,kaduy,59.2,37.15,1.84,92,98,1.89,RU,1697491615
504,jayapura,-2.5333,140.7,24.66,91,81,2.13,ID,1697491615
505,madhupur,24.25,86.65,23.48,76,24,1.21,IN,1697491615
506,tchintabaraden,15.8969,5.7985,32.76,16,92,4.03,NE,1697491615
507,prince george,53.9166,-122.753,10.14,89,100,3.09,CA,1697491616
508,vangaindrano,-23.35,47.6,22.45,91,100,1.09,MG,1697491616
509,swiebodzin,52.2475,15.5336,5.41,83,47,2.46,PL,1697491616
510,parabel',58.6978,81.4825,6.06,83,100,7.6,RU,1697491299
511,dadukou,26.5479,101.7054,15.58,84,0,0.31,CN,1697491616
512,ranau,5.9538,116.6641,21.13,95,80,0.29,MY,1697491616
513,nykarleby,63.5228,22.5307,5.57,69,100,4.67,FI,1697491616
514,dampit,-8.2116,112.7493,20.69,94,72,1.82,ID,1697491616
515,floro,61.5996,5.0328,8.98,87,100,7.2,NO,1697491414
516,noyabrsk,63.1994,75.4507,3.46,97,78,7.6,RU,1697491617
517,porbandar,21.6422,69.6093,26.29,75,4,2.84,IN,1697491617
518,leova,46.4786,28.2553,6.98,64,5,1.21,MD,1697491617
519,yanchep,-31.55,115.6833,24.07,39,0,1.2,AU,1697491617
520,jiayuguan,39.8167,98.3,5.77,31,100,1.84,CN,1697491617
521,urangan,-25.3,152.9,22.42,76,15,10.0,AU,1697491186
522,tarakan,3.3,117.6333,26.06,85,82,2.48,ID,1697491617
523,lospalos,-8.5186,127.0025,19.83,90,81,1.22,TL,1697491617
524,port augusta,-32.5,137.7667,9.6,66,0,2.49,AU,1697491182
525,sung noen,14.8992,101.8207,22.25,94,63,1.13,TH,1697491618
526,kiruna,67.8557,20.2251,-4.49,100,75,1.03,SE,1697491618
527,barah,13.7,30.3667,32.0,20,97,6.24,SD,1697491618
528,bethanie,-26.4833,17.15,20.78,18,0,4.19,NA,1697491618
529,la paz,-16.5,-68.15,18.99,19,20,6.69,BO,1697490876
530,soio,-6.1349,12.3689,25.36,82,38,3.33,AO,1697491458
531,red hill,33.9996,-79.2581,18.92,55,32,4.36,US,1697491618
532,karachi,24.9056,67.0822,26.9,65,75,3.6,PK,1697490980
533,yopal,5.3378,-72.3959,28.01,75,68,0.91,CO,1697491031
534,swan hill,-35.3378,143.5544,7.47,73,0,4.23,AU,1697491619
535,iwanai,42.9744,140.5089,6.66,82,100,9.42,JP,1697491619
536,tegueste,28.5167,-16.3167,24.99,42,20,1.79,ES,1697491619
537,maceio,-9.6658,-35.7353,23.69,94,75,3.09,BR,1697491430
538,voi,-3.3945,38.563,23.6,79,86,2.4,KE,1697491619
539,pajapan,18.25,-94.7,24.09,84,100,4.78,MX,1697491233
540,neiafu,-18.65,-173.9833,26.38,69,40,5.66,TO,1697491047
541,richards bay,-28.783,32.0377,18.51,94,100,4.67,ZA,1697491455
542,el gouna,27.3942,33.6782,25.11,46,0,8.25,EG,1697491619
543,rossano,39.5751,16.6349,17.2,85,100,1.21,IT,1697491619
544,ciudad bolivar,8.1222,-63.5497,32.72,47,95,1.37,VE,1697491620
545,beira,-19.8436,34.8389,24.05,94,75,7.2,MZ,1697491620
546,senanga,-16.1167,23.2667,26.69,41,94,1.11,ZM,1697491620
547,znamenskoye,57.1281,73.8282,10.0,96,81,2.3,RU,1697491620
548,kudahuvadhoo,2.6708,72.8944,27.71,78,26,7.77,MV,1697491620
549,howard springs,-12.497,131.047,23.95,77,74,0.88,AU,1697491257
550,puerto aysen,-45.4,-72.7,10.46,81,91,1.73,CL,1697490981
551,puerto lempira,15.2667,-83.7667,29.58,74,99,4.35,HN,1697491620
552,dwarka,22.2394,68.9678,26.76,73,0,4.17,IN,1697491443
553,aver-o-mar,41.4078,-8.7812,22.31,73,20,6.17,PT,1697491621
554,mcalester,34.9334,-95.7697,19.05,34,75,4.63,US,1697491621
555,simanggang,1.2472,111.4528,23.99,100,100,0.0,MY,1697491621
556,naze,28.3667,129.4833,18.51,62,0,3.83,JP,1697491621
